[
{
  "model": "accounts.user",
  "pk": 12,
  "fields": {
    "password": "pbkdf2_sha256$870000$qzMeL4UOS3v6Uih12p8sPP$9blTjV5K4/wKQKNkEzCMhlp91duRvgOLLwUeOBa4aNk=",
    "last_login": "2025-04-07T17:36:18.407Z",
    "is_superuser": false,
    "username": "mil1",
    "first_name": "",
    "last_name": "",
    "email": "nvkmfgnk@dgfjgn.bfgrdfs",
    "is_staff": false,
    "is_active": true,
    "date_joined": "2025-04-07T17:36:17.985Z",
    "role": "військовий",
    "name": "",
    "surname": "",
    "photo": "",
    "description": "",
    "groups": [],
    "user_permissions": []
  }
},
{
  "model": "accounts.user",
  "pk": 13,
  "fields": {
    "password": "pbkdf2_sha256$870000$P65rWrvDeaWwlFFOeh02de$0rpSzf0EIa8cb/4ed2CzAmsdaCtlRm8vAemAgTej5jI=",
    "last_login": "2025-04-07T17:40:11.837Z",
    "is_superuser": false,
    "username": "vol1",
    "first_name": "",
    "last_name": "",
    "email": "mar@dpa.sav",
    "is_staff": false,
    "is_active": true,
    "date_joined": "2025-04-07T17:40:11.466Z",
    "role": "волонтер",
    "name": "",
    "surname": "",
    "photo": "",
    "description": "",
    "groups": [],
    "user_permissions": []
  }
},
{
  "model": "accounts.user",
  "pk": 14,
  "fields": {
    "password": "pbkdf2_sha256$870000$vK4mwGmfkpOCq8x1cF8NpA$VuKg7TPok4fj0HOZZ2wA4ZjmAI9rwKzvqSp/PyTiq/s=",
    "last_login": "2025-04-07T17:41:54.798Z",
    "is_superuser": false,
    "username": "vol2",
    "first_name": "",
    "last_name": "",
    "email": "mardvuv@dpa.sa",
    "is_staff": false,
    "is_active": true,
    "date_joined": "2025-04-07T17:41:54.381Z",
    "role": "волонтер",
    "name": "",
    "surname": "",
    "photo": "",
    "description": "",
    "groups": [],
    "user_permissions": []
  }
},
{
  "model": "accounts.user",
  "pk": 21,
  "fields": {
    "password": "pbkdf2_sha256$870000$e5wHAxaT8vTuew51YBuCBz$HuNuxoyVSjVrOArCsgPjhByXn6rbJIZ9YTZjc22zias=",
    "last_login": "2025-04-08T05:01:56.106Z",
    "is_superuser": false,
    "username": "mil2",
    "first_name": "",
    "last_name": "",
    "email": "qwerty@qwerty.qwerty",
    "is_staff": false,
    "is_active": true,
    "date_joined": "2025-04-08T05:01:55.734Z",
    "role": "військовий",
    "name": "",
    "surname": "",
    "photo": "",
    "description": "",
    "groups": [],
    "user_permissions": []
  }
},
{
  "model": "accounts.user",
  "pk": 22,
  "fields": {
    "password": "pbkdf2_sha256$870000$tNV38mpaLT5vlQj0vcRlL1$1074eNEFbIHzOLyQHWKufLOb2DeM6imM6CDZT4F4LwU=",
    "last_login": "2025-04-08T05:12:52.686Z",
    "is_superuser": false,
    "username": "mil3",
    "first_name": "",
    "last_name": "",
    "email": "wqjsoqw@d.dwq",
    "is_staff": false,
    "is_active": true,
    "date_joined": "2025-04-08T05:11:45.250Z",
    "role": "військовий",
    "name": "",
    "surname": "",
    "photo": "",
    "description": "",
    "groups": [],
    "user_permissions": []
  }
},
{
  "model": "accounts.user",
  "pk": 24,
  "fields": {
    "password": "pbkdf2_sha256$870000$aeILIpzgVfButhJmnXZiEp$rFSd2YYla0aFtmwTPGPWGryk13V/avaiDeEjcsHXHP0=",
    "last_login": "2025-04-08T15:26:05.510Z",
    "is_superuser": true,
    "username": "maryna",
    "first_name": "",
    "last_name": "",
    "email": "matyna.ohinska@gmail.com",
    "is_staff": true,
    "is_active": true,
    "date_joined": "2025-04-08T15:25:47.084Z",
    "role": "",
    "name": "",
    "surname": "",
    "photo": "",
    "description": "",
    "groups": [],
    "user_permissions": []
  }
},
{
  "model": "requests.request",
  "pk": 61,
  "fields": {
    "owner": 21,
    "executor": 13,
    "name": "Test Request #1",
    "description": "Автоматично згенерований тестовий запит",
    "type": "repair",
    "priority": "medium",
    "location": "far_rear",
    "status": "pending",
    "created_at": "2025-04-08T15:51:58.847Z"
  }
},
{
  "model": "requests.request",
  "pk": 62,
  "fields": {
    "owner": 22,
    "executor": 14,
    "name": "Test Request #2",
    "description": "Автоматично згенерований тестовий запит",
    "type": "transport",
    "priority": "high",
    "location": "near_rear",
    "status": "pending",
    "created_at": "2025-04-08T15:51:58.849Z"
  }
},
{
  "model": "requests.request",
  "pk": 63,
  "fields": {
    "owner": 12,
    "executor": 14,
    "name": "Test Request #3",
    "description": "Автоматично згенерований тестовий запит",
    "type": "transport",
    "priority": "low",
    "location": "far_rear",
    "status": "done",
    "created_at": "2025-04-08T15:51:58.850Z"
  }
},
{
  "model": "requests.request",
  "pk": 64,
  "fields": {
    "owner": 21,
    "executor": 13,
    "name": "Test Request #4",
    "description": "Автоматично згенерований тестовий запит",
    "type": "ammo",
    "priority": "medium",
    "location": "far_rear",
    "status": "need_volunteer",
    "created_at": "2025-04-08T15:51:58.851Z"
  }
},
{
  "model": "requests.request",
  "pk": 65,
  "fields": {
    "owner": 22,
    "executor": 13,
    "name": "Test Request #5",
    "description": "Автоматично згенерований тестовий запит",
    "type": "repair",
    "priority": "medium",
    "location": "front",
    "status": "need_volunteer",
    "created_at": "2025-04-08T15:51:58.851Z"
  }
},
{
  "model": "requests.request",
  "pk": 66,
  "fields": {
    "owner": 12,
    "executor": 14,
    "name": "Test Request #6",
    "description": "Автоматично згенерований тестовий запит",
    "type": "repair",
    "priority": "low",
    "location": "front",
    "status": "rejected",
    "created_at": "2025-04-08T15:51:58.852Z"
  }
},
{
  "model": "requests.request",
  "pk": 67,
  "fields": {
    "owner": 22,
    "executor": null,
    "name": "Test Request #7",
    "description": "Автоматично згенерований тестовий запит",
    "type": "repair",
    "priority": "medium",
    "location": "near_rear",
    "status": "done",
    "created_at": "2025-04-08T15:51:58.853Z"
  }
},
{
  "model": "requests.request",
  "pk": 68,
  "fields": {
    "owner": 22,
    "executor": 13,
    "name": "Test Request #8",
    "description": "Автоматично згенерований тестовий запит",
    "type": "ammo",
    "priority": "high",
    "location": "near_rear",
    "status": "need_volunteer",
    "created_at": "2025-04-08T15:51:58.853Z"
  }
},
{
  "model": "requests.request",
  "pk": 69,
  "fields": {
    "owner": 21,
    "executor": 14,
    "name": "Test Request #9",
    "description": "Автоматично згенерований тестовий запит",
    "type": "transport",
    "priority": "medium",
    "location": "front",
    "status": "in_progress",
    "created_at": "2025-04-08T15:51:58.855Z"
  }
},
{
  "model": "requests.request",
  "pk": 70,
  "fields": {
    "owner": 22,
    "executor": null,
    "name": "Test Request #10",
    "description": "Автоматично згенерований тестовий запит",
    "type": "drones",
    "priority": "low",
    "location": "near_rear",
    "status": "rejected",
    "created_at": "2025-04-08T15:51:58.856Z"
  }
},
{
  "model": "requests.request",
  "pk": 71,
  "fields": {
    "owner": 22,
    "executor": 14,
    "name": "Test Request #11",
    "description": "Автоматично згенерований тестовий запит",
    "type": "repair",
    "priority": "high",
    "location": "far_rear",
    "status": "need_volunteer",
    "created_at": "2025-04-08T15:51:58.857Z"
  }
},
{
  "model": "requests.request",
  "pk": 72,
  "fields": {
    "owner": 22,
    "executor": 13,
    "name": "Test Request #12",
    "description": "Автоматично згенерований тестовий запит",
    "type": "ammo",
    "priority": "low",
    "location": "near_rear",
    "status": "done",
    "created_at": "2025-04-08T15:51:58.857Z"
  }
},
{
  "model": "requests.request",
  "pk": 73,
  "fields": {
    "owner": 22,
    "executor": 14,
    "name": "Test Request #13",
    "description": "Автоматично згенерований тестовий запит",
    "type": "transport",
    "priority": "medium",
    "location": "near_rear",
    "status": "pending",
    "created_at": "2025-04-08T15:51:58.858Z"
  }
},
{
  "model": "requests.request",
  "pk": 74,
  "fields": {
    "owner": 21,
    "executor": 14,
    "name": "Test Request #14",
    "description": "Автоматично згенерований тестовий запит",
    "type": "drones",
    "priority": "high",
    "location": "near_rear",
    "status": "done",
    "created_at": "2025-04-08T15:51:58.859Z"
  }
},
{
  "model": "requests.request",
  "pk": 75,
  "fields": {
    "owner": 21,
    "executor": 14,
    "name": "Test Request #15",
    "description": "Автоматично згенерований тестовий запит",
    "type": "transport",
    "priority": "low",
    "location": "near_rear",
    "status": "in_progress",
    "created_at": "2025-04-08T15:51:58.860Z"
  }
},
{
  "model": "requests.request",
  "pk": 76,
  "fields": {
    "owner": 12,
    "executor": 13,
    "name": "Test Request #16",
    "description": "Автоматично згенерований тестовий запит",
    "type": "drones",
    "priority": "high",
    "location": "far_rear",
    "status": "in_progress",
    "created_at": "2025-04-08T15:51:58.860Z"
  }
},
{
  "model": "requests.request",
  "pk": 77,
  "fields": {
    "owner": 21,
    "executor": 14,
    "name": "Test Request #17",
    "description": "Автоматично згенерований тестовий запит",
    "type": "drones",
    "priority": "medium",
    "location": "front",
    "status": "done",
    "created_at": "2025-04-08T15:51:58.861Z"
  }
},
{
  "model": "requests.request",
  "pk": 78,
  "fields": {
    "owner": 12,
    "executor": null,
    "name": "Test Request #18",
    "description": "Автоматично згенерований тестовий запит",
    "type": "repair",
    "priority": "medium",
    "location": "far_rear",
    "status": "in_progress",
    "created_at": "2025-04-08T15:51:58.862Z"
  }
},
{
  "model": "requests.request",
  "pk": 79,
  "fields": {
    "owner": 22,
    "executor": 13,
    "name": "Test Request #19",
    "description": "Автоматично згенерований тестовий запит",
    "type": "ammo",
    "priority": "low",
    "location": "far_rear",
    "status": "pending",
    "created_at": "2025-04-08T15:51:58.863Z"
  }
},
{
  "model": "requests.request",
  "pk": 80,
  "fields": {
    "owner": 21,
    "executor": 14,
    "name": "Test Request #20",
    "description": "Автоматично згенерований тестовий запит",
    "type": "ammo",
    "priority": "low",
    "location": "far_rear",
    "status": "in_progress",
    "created_at": "2025-04-08T15:51:58.864Z"
  }
},
{
  "model": "requests.requesthistory",
  "pk": 182,
  "fields": {
    "request": 61,
    "status": "rejected",
    "date": "2025-04-08T15:51:58.865Z"
  }
},
{
  "model": "requests.requesthistory",
  "pk": 183,
  "fields": {
    "request": 61,
    "status": "done",
    "date": "2025-04-08T15:51:58.866Z"
  }
},
{
  "model": "requests.requesthistory",
  "pk": 184,
  "fields": {
    "request": 61,
    "status": "in_progress",
    "date": "2025-04-08T15:51:58.867Z"
  }
},
{
  "model": "requests.requesthistory",
  "pk": 185,
  "fields": {
    "request": 61,
    "status": "pending",
    "date": "2025-04-08T15:51:58.868Z"
  }
},
{
  "model": "requests.requesthistory",
  "pk": 186,
  "fields": {
    "request": 62,
    "status": "rejected",
    "date": "2025-04-08T15:51:58.868Z"
  }
},
{
  "model": "requests.requesthistory",
  "pk": 187,
  "fields": {
    "request": 62,
    "status": "in_progress",
    "date": "2025-04-08T15:51:58.869Z"
  }
},
{
  "model": "requests.requesthistory",
  "pk": 188,
  "fields": {
    "request": 62,
    "status": "need_volunteer",
    "date": "2025-04-08T15:51:58.870Z"
  }
},
{
  "model": "requests.requesthistory",
  "pk": 189,
  "fields": {
    "request": 63,
    "status": "pending",
    "date": "2025-04-08T15:51:58.871Z"
  }
},
{
  "model": "requests.requesthistory",
  "pk": 190,
  "fields": {
    "request": 63,
    "status": "done",
    "date": "2025-04-08T15:51:58.872Z"
  }
},
{
  "model": "requests.requesthistory",
  "pk": 191,
  "fields": {
    "request": 63,
    "status": "in_progress",
    "date": "2025-04-08T15:51:58.872Z"
  }
},
{
  "model": "requests.requesthistory",
  "pk": 192,
  "fields": {
    "request": 64,
    "status": "pending",
    "date": "2025-04-08T15:51:58.874Z"
  }
},
{
  "model": "requests.requesthistory",
  "pk": 193,
  "fields": {
    "request": 64,
    "status": "in_progress",
    "date": "2025-04-08T15:51:58.874Z"
  }
},
{
  "model": "requests.requesthistory",
  "pk": 194,
  "fields": {
    "request": 64,
    "status": "done",
    "date": "2025-04-08T15:51:58.875Z"
  }
},
{
  "model": "requests.requesthistory",
  "pk": 195,
  "fields": {
    "request": 65,
    "status": "need_volunteer",
    "date": "2025-04-08T15:51:58.875Z"
  }
},
{
  "model": "requests.requesthistory",
  "pk": 196,
  "fields": {
    "request": 65,
    "status": "pending",
    "date": "2025-04-08T15:51:58.876Z"
  }
},
{
  "model": "requests.requesthistory",
  "pk": 197,
  "fields": {
    "request": 65,
    "status": "rejected",
    "date": "2025-04-08T15:51:58.877Z"
  }
},
{
  "model": "requests.requesthistory",
  "pk": 198,
  "fields": {
    "request": 65,
    "status": "in_progress",
    "date": "2025-04-08T15:51:58.877Z"
  }
},
{
  "model": "requests.requesthistory",
  "pk": 199,
  "fields": {
    "request": 66,
    "status": "in_progress",
    "date": "2025-04-08T15:51:58.878Z"
  }
},
{
  "model": "requests.requesthistory",
  "pk": 200,
  "fields": {
    "request": 66,
    "status": "done",
    "date": "2025-04-08T15:51:58.879Z"
  }
},
{
  "model": "requests.requesthistory",
  "pk": 201,
  "fields": {
    "request": 67,
    "status": "done",
    "date": "2025-04-08T15:51:58.879Z"
  }
},
{
  "model": "requests.requesthistory",
  "pk": 202,
  "fields": {
    "request": 67,
    "status": "in_progress",
    "date": "2025-04-08T15:51:58.880Z"
  }
},
{
  "model": "requests.requesthistory",
  "pk": 203,
  "fields": {
    "request": 67,
    "status": "need_volunteer",
    "date": "2025-04-08T15:51:58.881Z"
  }
},
{
  "model": "requests.requesthistory",
  "pk": 204,
  "fields": {
    "request": 68,
    "status": "need_volunteer",
    "date": "2025-04-08T15:51:58.882Z"
  }
},
{
  "model": "requests.requesthistory",
  "pk": 205,
  "fields": {
    "request": 68,
    "status": "pending",
    "date": "2025-04-08T15:51:58.882Z"
  }
},
{
  "model": "requests.requesthistory",
  "pk": 206,
  "fields": {
    "request": 68,
    "status": "in_progress",
    "date": "2025-04-08T15:51:58.883Z"
  }
},
{
  "model": "requests.requesthistory",
  "pk": 207,
  "fields": {
    "request": 68,
    "status": "done",
    "date": "2025-04-08T15:51:58.884Z"
  }
},
{
  "model": "requests.requesthistory",
  "pk": 208,
  "fields": {
    "request": 69,
    "status": "pending",
    "date": "2025-04-08T15:51:58.884Z"
  }
},
{
  "model": "requests.requesthistory",
  "pk": 209,
  "fields": {
    "request": 69,
    "status": "in_progress",
    "date": "2025-04-08T15:51:58.885Z"
  }
},
{
  "model": "requests.requesthistory",
  "pk": 210,
  "fields": {
    "request": 69,
    "status": "rejected",
    "date": "2025-04-08T15:51:58.886Z"
  }
},
{
  "model": "requests.requesthistory",
  "pk": 211,
  "fields": {
    "request": 70,
    "status": "need_volunteer",
    "date": "2025-04-08T15:51:58.887Z"
  }
},
{
  "model": "requests.requesthistory",
  "pk": 212,
  "fields": {
    "request": 70,
    "status": "done",
    "date": "2025-04-08T15:51:58.888Z"
  }
},
{
  "model": "requests.requesthistory",
  "pk": 213,
  "fields": {
    "request": 70,
    "status": "rejected",
    "date": "2025-04-08T15:51:58.888Z"
  }
},
{
  "model": "requests.requesthistory",
  "pk": 214,
  "fields": {
    "request": 71,
    "status": "need_volunteer",
    "date": "2025-04-08T15:51:58.889Z"
  }
},
{
  "model": "requests.requesthistory",
  "pk": 215,
  "fields": {
    "request": 71,
    "status": "pending",
    "date": "2025-04-08T15:51:58.890Z"
  }
},
{
  "model": "requests.requesthistory",
  "pk": 216,
  "fields": {
    "request": 71,
    "status": "in_progress",
    "date": "2025-04-08T15:51:58.890Z"
  }
},
{
  "model": "requests.requesthistory",
  "pk": 217,
  "fields": {
    "request": 71,
    "status": "done",
    "date": "2025-04-08T15:51:58.891Z"
  }
},
{
  "model": "requests.requesthistory",
  "pk": 218,
  "fields": {
    "request": 72,
    "status": "done",
    "date": "2025-04-08T15:51:58.892Z"
  }
},
{
  "model": "requests.requesthistory",
  "pk": 219,
  "fields": {
    "request": 72,
    "status": "need_volunteer",
    "date": "2025-04-08T15:51:58.893Z"
  }
},
{
  "model": "requests.requesthistory",
  "pk": 220,
  "fields": {
    "request": 73,
    "status": "in_progress",
    "date": "2025-04-08T15:51:58.893Z"
  }
},
{
  "model": "requests.requesthistory",
  "pk": 221,
  "fields": {
    "request": 73,
    "status": "pending",
    "date": "2025-04-08T15:51:58.894Z"
  }
},
{
  "model": "requests.requesthistory",
  "pk": 222,
  "fields": {
    "request": 73,
    "status": "rejected",
    "date": "2025-04-08T15:51:58.895Z"
  }
},
{
  "model": "requests.requesthistory",
  "pk": 223,
  "fields": {
    "request": 74,
    "status": "in_progress",
    "date": "2025-04-08T15:51:58.895Z"
  }
},
{
  "model": "requests.requesthistory",
  "pk": 224,
  "fields": {
    "request": 74,
    "status": "need_volunteer",
    "date": "2025-04-08T15:51:58.896Z"
  }
},
{
  "model": "requests.requesthistory",
  "pk": 225,
  "fields": {
    "request": 74,
    "status": "rejected",
    "date": "2025-04-08T15:51:58.897Z"
  }
},
{
  "model": "requests.requesthistory",
  "pk": 226,
  "fields": {
    "request": 75,
    "status": "done",
    "date": "2025-04-08T15:51:58.898Z"
  }
},
{
  "model": "requests.requesthistory",
  "pk": 227,
  "fields": {
    "request": 75,
    "status": "rejected",
    "date": "2025-04-08T15:51:58.898Z"
  }
},
{
  "model": "requests.requesthistory",
  "pk": 228,
  "fields": {
    "request": 76,
    "status": "done",
    "date": "2025-04-08T15:51:58.899Z"
  }
},
{
  "model": "requests.requesthistory",
  "pk": 229,
  "fields": {
    "request": 76,
    "status": "rejected",
    "date": "2025-04-08T15:51:58.900Z"
  }
},
{
  "model": "requests.requesthistory",
  "pk": 230,
  "fields": {
    "request": 77,
    "status": "rejected",
    "date": "2025-04-08T15:51:58.900Z"
  }
},
{
  "model": "requests.requesthistory",
  "pk": 231,
  "fields": {
    "request": 77,
    "status": "pending",
    "date": "2025-04-08T15:51:58.901Z"
  }
},
{
  "model": "requests.requesthistory",
  "pk": 232,
  "fields": {
    "request": 78,
    "status": "rejected",
    "date": "2025-04-08T15:51:58.901Z"
  }
},
{
  "model": "requests.requesthistory",
  "pk": 233,
  "fields": {
    "request": 78,
    "status": "in_progress",
    "date": "2025-04-08T15:51:58.902Z"
  }
},
{
  "model": "requests.requesthistory",
  "pk": 234,
  "fields": {
    "request": 78,
    "status": "done",
    "date": "2025-04-08T15:51:58.903Z"
  }
},
{
  "model": "requests.requesthistory",
  "pk": 235,
  "fields": {
    "request": 78,
    "status": "pending",
    "date": "2025-04-08T15:51:58.904Z"
  }
},
{
  "model": "requests.requesthistory",
  "pk": 236,
  "fields": {
    "request": 79,
    "status": "done",
    "date": "2025-04-08T15:51:58.904Z"
  }
},
{
  "model": "requests.requesthistory",
  "pk": 237,
  "fields": {
    "request": 79,
    "status": "rejected",
    "date": "2025-04-08T15:51:58.905Z"
  }
},
{
  "model": "requests.requesthistory",
  "pk": 238,
  "fields": {
    "request": 80,
    "status": "pending",
    "date": "2025-04-08T15:51:58.906Z"
  }
},
{
  "model": "requests.requesthistory",
  "pk": 239,
  "fields": {
    "request": 80,
    "status": "rejected",
    "date": "2025-04-08T15:51:58.906Z"
  }
}
]
