[{"model": "admin.logentry", "pk": 22, "fields": {"action_time": "2025-04-08T15:33:22.350Z", "user": 24, "content_type": 7, "object_id": "179", "object_repr": "Test Request #20 – done", "action_flag": 2, "change_message": "[]"}}, {"model": "admin.logentry", "pk": 23, "fields": {"action_time": "2025-04-08T15:34:27.475Z", "user": 24, "content_type": 9, "object_id": "60", "object_repr": "Test Request #20", "action_flag": 2, "change_message": "[]"}}, {"model": "admin.logentry", "pk": 24, "fields": {"action_time": "2025-04-08T15:52:36.840Z", "user": 24, "content_type": 9, "object_id": "80", "object_repr": "Test Request #20", "action_flag": 2, "change_message": "[{\"changed\": {\"fields\": [\"Status\"]}}]"}}, {"model": "admin.logentry", "pk": 25, "fields": {"action_time": "2025-04-11T13:10:04.094Z", "user": 24, "content_type": 6, "object_id": "24", "object_repr": "maryna (волонтер)", "action_flag": 2, "change_message": "[{\"changed\": {\"fields\": [\"Email address\", \"Role\", \"Name\", \"Surname\", \"Photo\"]}}]"}}, {"model": "admin.logentry", "pk": 26, "fields": {"action_time": "2025-04-11T13:10:21.641Z", "user": 24, "content_type": 9, "object_id": "91", "object_repr": "1", "action_flag": 2, "change_message": "[]"}}, {"model": "admin.logentry", "pk": 27, "fields": {"action_time": "2025-04-11T14:34:17.210Z", "user": 24, "content_type": 9, "object_id": "90", "object_repr": "test3", "action_flag": 2, "change_message": "[]"}}, {"model": "admin.logentry", "pk": 28, "fields": {"action_time": "2025-04-11T14:34:39.827Z", "user": 24, "content_type": 9, "object_id": "90", "object_repr": "test3", "action_flag": 2, "change_message": "[{\"changed\": {\"fields\": [\"Executor\", \"Description\", \"Status\"]}}]"}}, {"model": "admin.logentry", "pk": 29, "fields": {"action_time": "2025-04-12T09:16:27.351Z", "user": 24, "content_type": 6, "object_id": "24", "object_repr": "maryna (волонтер)", "action_flag": 2, "change_message": "[]"}}, {"model": "admin.logentry", "pk": 30, "fields": {"action_time": "2025-04-12T09:23:32.269Z", "user": 24, "content_type": 6, "object_id": "24", "object_repr": "maryna (волонтер)", "action_flag": 2, "change_message": "[{\"changed\": {\"fields\": [\"Photo\"]}}]"}}, {"model": "admin.logentry", "pk": 31, "fields": {"action_time": "2025-04-13T06:19:09.895Z", "user": 24, "content_type": 6, "object_id": "24", "object_repr": "maryna (волонтер)", "action_flag": 2, "change_message": "[{\"changed\": {\"fields\": [\"Role\", \"Name\", \"Surname\"]}}]"}}, {"model": "admin.logentry", "pk": 32, "fields": {"action_time": "2025-04-13T20:39:23.225Z", "user": 24, "content_type": 9, "object_id": "80", "object_repr": "турнікети", "action_flag": 2, "change_message": "[{\"changed\": {\"fields\": [\"Owner\", \"Name\"]}}]"}}, {"model": "admin.logentry", "pk": 33, "fields": {"action_time": "2025-04-14T06:49:42.706Z", "user": 24, "content_type": 9, "object_id": "87", "object_repr": "bdfdfiub", "action_flag": 2, "change_message": "[{\"changed\": {\"fields\": [\"Executor\", \"Status\"]}}]"}}, {"model": "admin.logentry", "pk": 34, "fields": {"action_time": "2025-04-14T09:36:39.465Z", "user": 24, "content_type": 9, "object_id": "93", "object_repr": "hruberu", "action_flag": 2, "change_message": "[{\"changed\": {\"fields\": [\"Executor\", \"Status\"]}}]"}}, {"model": "admin.logentry", "pk": 35, "fields": {"action_time": "2025-04-14T11:47:10.399Z", "user": 24, "content_type": 9, "object_id": "97", "object_repr": "in progress request", "action_flag": 2, "change_message": "[{\"changed\": {\"fields\": [\"Executor\", \"Status\"]}}]"}}, {"model": "admin.logentry", "pk": 36, "fields": {"action_time": "2025-04-14T11:47:24.734Z", "user": 24, "content_type": 9, "object_id": "98", "object_repr": "done request", "action_flag": 2, "change_message": "[{\"changed\": {\"fields\": [\"Executor\", \"Status\"]}}]"}}, {"model": "admin.logentry", "pk": 37, "fields": {"action_time": "2025-04-14T12:47:53.359Z", "user": 24, "content_type": 9, "object_id": "89", "object_repr": "executor test", "action_flag": 2, "change_message": "[{\"changed\": {\"fields\": [\"Executor\", \"Name\", \"Status\"]}}]"}}, {"model": "admin.logentry", "pk": 38, "fields": {"action_time": "2025-04-14T12:49:05.951Z", "user": 24, "content_type": 9, "object_id": "89", "object_repr": "executor test", "action_flag": 2, "change_message": "[{\"changed\": {\"fields\": [\"Status\"]}}]"}}, {"model": "admin.logentry", "pk": 39, "fields": {"action_time": "2025-04-14T12:54:12.572Z", "user": 24, "content_type": 9, "object_id": "79", "object_repr": "Test Request #19", "action_flag": 2, "change_message": "[{\"changed\": {\"fields\": [\"Status\"]}}]"}}, {"model": "admin.logentry", "pk": 40, "fields": {"action_time": "2025-04-14T12:54:57.437Z", "user": 24, "content_type": 9, "object_id": "70", "object_repr": "Test Request #10", "action_flag": 2, "change_message": "[{\"changed\": {\"fields\": [\"Status\"]}}]"}}, {"model": "admin.logentry", "pk": 41, "fields": {"action_time": "2025-04-14T13:07:39.525Z", "user": 24, "content_type": 9, "object_id": "99", "object_repr": "test 1. find exec", "action_flag": 2, "change_message": "[{\"changed\": {\"fields\": [\"Executor\"]}}]"}}, {"model": "admin.logentry", "pk": 42, "fields": {"action_time": "2025-04-14T13:07:45.337Z", "user": 24, "content_type": 9, "object_id": "99", "object_repr": "test 1. find exec", "action_flag": 2, "change_message": "[{\"changed\": {\"fields\": [\"Status\"]}}]"}}, {"model": "admin.logentry", "pk": 43, "fields": {"action_time": "2025-04-14T13:12:30.456Z", "user": 24, "content_type": 7, "object_id": "240", "object_repr": "test 1. find exec – in_progress", "action_flag": 3, "change_message": ""}}, {"model": "admin.logentry", "pk": 44, "fields": {"action_time": "2025-04-14T13:12:40.293Z", "user": 24, "content_type": 9, "object_id": "99", "object_repr": "test 1. find exec", "action_flag": 2, "change_message": "[{\"changed\": {\"fields\": [\"Executor\", \"Status\"]}}]"}}, {"model": "admin.logentry", "pk": 45, "fields": {"action_time": "2025-04-14T18:59:02.380Z", "user": 24, "content_type": 7, "object_id": "242", "object_repr": "executor test – in_progress", "action_flag": 2, "change_message": "[]"}}, {"model": "admin.logentry", "pk": 46, "fields": {"action_time": "2025-04-14T19:00:48.078Z", "user": 24, "content_type": 7, "object_id": "244", "object_repr": "executor test – in_progress", "action_flag": 3, "change_message": ""}}, {"model": "admin.logentry", "pk": 47, "fields": {"action_time": "2025-04-14T19:00:55.917Z", "user": 24, "content_type": 7, "object_id": "243", "object_repr": "executor test – in_progress", "action_flag": 3, "change_message": ""}}, {"model": "admin.logentry", "pk": 48, "fields": {"action_time": "2025-04-14T19:00:55.917Z", "user": 24, "content_type": 7, "object_id": "242", "object_repr": "executor test – in_progress", "action_flag": 3, "change_message": ""}}, {"model": "admin.logentry", "pk": 49, "fields": {"action_time": "2025-04-14T19:01:34.301Z", "user": 24, "content_type": 9, "object_id": "89", "object_repr": "executor test", "action_flag": 2, "change_message": "[{\"changed\": {\"fields\": [\"Status\"]}}]"}}, {"model": "admin.logentry", "pk": 50, "fields": {"action_time": "2025-04-14T19:02:33.638Z", "user": 24, "content_type": 9, "object_id": "89", "object_repr": "executor test", "action_flag": 2, "change_message": "[{\"changed\": {\"fields\": [\"Executor\"]}}]"}}, {"model": "admin.logentry", "pk": 51, "fields": {"action_time": "2025-04-14T19:05:30.095Z", "user": 24, "content_type": 7, "object_id": "246", "object_repr": "executor test – in_progress", "action_flag": 3, "change_message": ""}}, {"model": "admin.logentry", "pk": 52, "fields": {"action_time": "2025-04-14T19:05:30.095Z", "user": 24, "content_type": 7, "object_id": "245", "object_repr": "executor test – in_progress", "action_flag": 3, "change_message": ""}}, {"model": "admin.logentry", "pk": 53, "fields": {"action_time": "2025-04-14T19:05:30.095Z", "user": 24, "content_type": 7, "object_id": "241", "object_repr": "test 1. find exec – in_progress", "action_flag": 3, "change_message": ""}}, {"model": "admin.logentry", "pk": 54, "fields": {"action_time": "2025-04-14T19:05:30.095Z", "user": 24, "content_type": 7, "object_id": "239", "object_repr": "турнікети – rejected", "action_flag": 3, "change_message": ""}}, {"model": "admin.logentry", "pk": 55, "fields": {"action_time": "2025-04-14T19:05:30.095Z", "user": 24, "content_type": 7, "object_id": "238", "object_repr": "турнікети – pending", "action_flag": 3, "change_message": ""}}, {"model": "admin.logentry", "pk": 56, "fields": {"action_time": "2025-04-14T19:05:30.095Z", "user": 24, "content_type": 7, "object_id": "237", "object_repr": "Test Request #19 – rejected", "action_flag": 3, "change_message": ""}}, {"model": "admin.logentry", "pk": 57, "fields": {"action_time": "2025-04-14T19:05:30.095Z", "user": 24, "content_type": 7, "object_id": "236", "object_repr": "Test Request #19 – done", "action_flag": 3, "change_message": ""}}, {"model": "admin.logentry", "pk": 58, "fields": {"action_time": "2025-04-14T19:05:30.095Z", "user": 24, "content_type": 7, "object_id": "235", "object_repr": "Test Request #18 – pending", "action_flag": 3, "change_message": ""}}, {"model": "admin.logentry", "pk": 59, "fields": {"action_time": "2025-04-14T19:05:30.095Z", "user": 24, "content_type": 7, "object_id": "234", "object_repr": "Test Request #18 – done", "action_flag": 3, "change_message": ""}}, {"model": "admin.logentry", "pk": 60, "fields": {"action_time": "2025-04-14T19:05:30.095Z", "user": 24, "content_type": 7, "object_id": "233", "object_repr": "Test Request #18 – in_progress", "action_flag": 3, "change_message": ""}}, {"model": "admin.logentry", "pk": 61, "fields": {"action_time": "2025-04-14T19:05:30.095Z", "user": 24, "content_type": 7, "object_id": "232", "object_repr": "Test Request #18 – rejected", "action_flag": 3, "change_message": ""}}, {"model": "admin.logentry", "pk": 62, "fields": {"action_time": "2025-04-14T19:05:30.095Z", "user": 24, "content_type": 7, "object_id": "231", "object_repr": "Test Request #17 – pending", "action_flag": 3, "change_message": ""}}, {"model": "admin.logentry", "pk": 63, "fields": {"action_time": "2025-04-14T19:05:30.096Z", "user": 24, "content_type": 7, "object_id": "230", "object_repr": "Test Request #17 – rejected", "action_flag": 3, "change_message": ""}}, {"model": "admin.logentry", "pk": 64, "fields": {"action_time": "2025-04-14T19:05:30.096Z", "user": 24, "content_type": 7, "object_id": "229", "object_repr": "Test Request #16 – rejected", "action_flag": 3, "change_message": ""}}, {"model": "admin.logentry", "pk": 65, "fields": {"action_time": "2025-04-14T19:05:30.096Z", "user": 24, "content_type": 7, "object_id": "228", "object_repr": "Test Request #16 – done", "action_flag": 3, "change_message": ""}}, {"model": "admin.logentry", "pk": 66, "fields": {"action_time": "2025-04-14T19:05:30.096Z", "user": 24, "content_type": 7, "object_id": "227", "object_repr": "Test Request #15 – rejected", "action_flag": 3, "change_message": ""}}, {"model": "admin.logentry", "pk": 67, "fields": {"action_time": "2025-04-14T19:05:30.096Z", "user": 24, "content_type": 7, "object_id": "226", "object_repr": "Test Request #15 – done", "action_flag": 3, "change_message": ""}}, {"model": "admin.logentry", "pk": 68, "fields": {"action_time": "2025-04-14T19:05:30.096Z", "user": 24, "content_type": 7, "object_id": "225", "object_repr": "Test Request #14 – rejected", "action_flag": 3, "change_message": ""}}, {"model": "admin.logentry", "pk": 69, "fields": {"action_time": "2025-04-14T19:05:30.096Z", "user": 24, "content_type": 7, "object_id": "224", "object_repr": "Test Request #14 – pending", "action_flag": 3, "change_message": ""}}, {"model": "admin.logentry", "pk": 70, "fields": {"action_time": "2025-04-14T19:05:30.096Z", "user": 24, "content_type": 7, "object_id": "223", "object_repr": "Test Request #14 – in_progress", "action_flag": 3, "change_message": ""}}, {"model": "admin.logentry", "pk": 71, "fields": {"action_time": "2025-04-14T19:05:30.096Z", "user": 24, "content_type": 7, "object_id": "222", "object_repr": "Test Request #13 – rejected", "action_flag": 3, "change_message": ""}}, {"model": "admin.logentry", "pk": 72, "fields": {"action_time": "2025-04-14T19:05:30.096Z", "user": 24, "content_type": 7, "object_id": "221", "object_repr": "Test Request #13 – pending", "action_flag": 3, "change_message": ""}}, {"model": "admin.logentry", "pk": 73, "fields": {"action_time": "2025-04-14T19:05:30.096Z", "user": 24, "content_type": 7, "object_id": "220", "object_repr": "Test Request #13 – in_progress", "action_flag": 3, "change_message": ""}}, {"model": "admin.logentry", "pk": 74, "fields": {"action_time": "2025-04-14T19:05:30.096Z", "user": 24, "content_type": 7, "object_id": "219", "object_repr": "Test Request #12 – pending", "action_flag": 3, "change_message": ""}}, {"model": "admin.logentry", "pk": 75, "fields": {"action_time": "2025-04-14T19:05:30.096Z", "user": 24, "content_type": 7, "object_id": "218", "object_repr": "Test Request #12 – done", "action_flag": 3, "change_message": ""}}, {"model": "admin.logentry", "pk": 76, "fields": {"action_time": "2025-04-14T19:05:30.096Z", "user": 24, "content_type": 7, "object_id": "217", "object_repr": "Test Request #11 – done", "action_flag": 3, "change_message": ""}}, {"model": "admin.logentry", "pk": 77, "fields": {"action_time": "2025-04-14T19:05:30.096Z", "user": 24, "content_type": 7, "object_id": "216", "object_repr": "Test Request #11 – in_progress", "action_flag": 3, "change_message": ""}}, {"model": "admin.logentry", "pk": 78, "fields": {"action_time": "2025-04-14T19:05:30.096Z", "user": 24, "content_type": 7, "object_id": "215", "object_repr": "Test Request #11 – pending", "action_flag": 3, "change_message": ""}}, {"model": "admin.logentry", "pk": 79, "fields": {"action_time": "2025-04-14T19:05:30.096Z", "user": 24, "content_type": 7, "object_id": "214", "object_repr": "Test Request #11 – pending", "action_flag": 3, "change_message": ""}}, {"model": "admin.logentry", "pk": 80, "fields": {"action_time": "2025-04-14T19:05:30.096Z", "user": 24, "content_type": 7, "object_id": "213", "object_repr": "Test Request #10 – rejected", "action_flag": 3, "change_message": ""}}, {"model": "admin.logentry", "pk": 81, "fields": {"action_time": "2025-04-14T19:05:30.096Z", "user": 24, "content_type": 7, "object_id": "212", "object_repr": "Test Request #10 – done", "action_flag": 3, "change_message": ""}}, {"model": "admin.logentry", "pk": 82, "fields": {"action_time": "2025-04-14T19:05:30.096Z", "user": 24, "content_type": 7, "object_id": "211", "object_repr": "Test Request #10 – pending", "action_flag": 3, "change_message": ""}}, {"model": "admin.logentry", "pk": 83, "fields": {"action_time": "2025-04-14T19:05:30.096Z", "user": 24, "content_type": 7, "object_id": "210", "object_repr": "Test Request #9 – rejected", "action_flag": 3, "change_message": ""}}, {"model": "admin.logentry", "pk": 84, "fields": {"action_time": "2025-04-14T19:05:30.096Z", "user": 24, "content_type": 7, "object_id": "209", "object_repr": "Test Request #9 – in_progress", "action_flag": 3, "change_message": ""}}, {"model": "admin.logentry", "pk": 85, "fields": {"action_time": "2025-04-14T19:05:30.096Z", "user": 24, "content_type": 7, "object_id": "208", "object_repr": "Test Request #9 – pending", "action_flag": 3, "change_message": ""}}, {"model": "admin.logentry", "pk": 86, "fields": {"action_time": "2025-04-14T19:05:30.096Z", "user": 24, "content_type": 7, "object_id": "207", "object_repr": "Test Request #8 – done", "action_flag": 3, "change_message": ""}}, {"model": "admin.logentry", "pk": 87, "fields": {"action_time": "2025-04-14T19:05:30.096Z", "user": 24, "content_type": 7, "object_id": "206", "object_repr": "Test Request #8 – in_progress", "action_flag": 3, "change_message": ""}}, {"model": "admin.logentry", "pk": 88, "fields": {"action_time": "2025-04-14T19:05:30.096Z", "user": 24, "content_type": 7, "object_id": "205", "object_repr": "Test Request #8 – pending", "action_flag": 3, "change_message": ""}}, {"model": "admin.logentry", "pk": 89, "fields": {"action_time": "2025-04-14T19:05:30.096Z", "user": 24, "content_type": 7, "object_id": "204", "object_repr": "Test Request #8 – pending", "action_flag": 3, "change_message": ""}}, {"model": "admin.logentry", "pk": 90, "fields": {"action_time": "2025-04-14T19:05:30.096Z", "user": 24, "content_type": 7, "object_id": "203", "object_repr": "Test Request #7 – pending", "action_flag": 3, "change_message": ""}}, {"model": "admin.logentry", "pk": 91, "fields": {"action_time": "2025-04-14T19:05:30.096Z", "user": 24, "content_type": 7, "object_id": "202", "object_repr": "Test Request #7 – in_progress", "action_flag": 3, "change_message": ""}}, {"model": "admin.logentry", "pk": 92, "fields": {"action_time": "2025-04-14T19:05:30.096Z", "user": 24, "content_type": 7, "object_id": "201", "object_repr": "Test Request #7 – done", "action_flag": 3, "change_message": ""}}, {"model": "admin.logentry", "pk": 93, "fields": {"action_time": "2025-04-14T19:05:30.096Z", "user": 24, "content_type": 7, "object_id": "200", "object_repr": "Test Request #6 – done", "action_flag": 3, "change_message": ""}}, {"model": "admin.logentry", "pk": 94, "fields": {"action_time": "2025-04-14T19:05:30.096Z", "user": 24, "content_type": 7, "object_id": "199", "object_repr": "Test Request #6 – in_progress", "action_flag": 3, "change_message": ""}}, {"model": "admin.logentry", "pk": 95, "fields": {"action_time": "2025-04-14T19:05:30.096Z", "user": 24, "content_type": 7, "object_id": "198", "object_repr": "Test Request #5 – in_progress", "action_flag": 3, "change_message": ""}}, {"model": "admin.logentry", "pk": 96, "fields": {"action_time": "2025-04-14T19:05:30.096Z", "user": 24, "content_type": 7, "object_id": "197", "object_repr": "Test Request #5 – rejected", "action_flag": 3, "change_message": ""}}, {"model": "admin.logentry", "pk": 97, "fields": {"action_time": "2025-04-14T19:05:30.096Z", "user": 24, "content_type": 7, "object_id": "196", "object_repr": "Test Request #5 – pending", "action_flag": 3, "change_message": ""}}, {"model": "admin.logentry", "pk": 98, "fields": {"action_time": "2025-04-14T19:05:30.096Z", "user": 24, "content_type": 7, "object_id": "195", "object_repr": "Test Request #5 – pending", "action_flag": 3, "change_message": ""}}, {"model": "admin.logentry", "pk": 99, "fields": {"action_time": "2025-04-14T19:05:30.096Z", "user": 24, "content_type": 7, "object_id": "194", "object_repr": "Test Request #4 – done", "action_flag": 3, "change_message": ""}}, {"model": "admin.logentry", "pk": 100, "fields": {"action_time": "2025-04-14T19:05:30.096Z", "user": 24, "content_type": 7, "object_id": "193", "object_repr": "Test Request #4 – in_progress", "action_flag": 3, "change_message": ""}}, {"model": "admin.logentry", "pk": 101, "fields": {"action_time": "2025-04-14T19:05:30.096Z", "user": 24, "content_type": 7, "object_id": "192", "object_repr": "Test Request #4 – pending", "action_flag": 3, "change_message": ""}}, {"model": "admin.logentry", "pk": 102, "fields": {"action_time": "2025-04-14T19:05:30.096Z", "user": 24, "content_type": 7, "object_id": "191", "object_repr": "Test Request #3 – in_progress", "action_flag": 3, "change_message": ""}}, {"model": "admin.logentry", "pk": 103, "fields": {"action_time": "2025-04-14T19:05:30.096Z", "user": 24, "content_type": 7, "object_id": "190", "object_repr": "Test Request #3 – done", "action_flag": 3, "change_message": ""}}, {"model": "admin.logentry", "pk": 104, "fields": {"action_time": "2025-04-14T19:05:30.096Z", "user": 24, "content_type": 7, "object_id": "189", "object_repr": "Test Request #3 – pending", "action_flag": 3, "change_message": ""}}, {"model": "admin.logentry", "pk": 105, "fields": {"action_time": "2025-04-14T19:05:30.096Z", "user": 24, "content_type": 7, "object_id": "188", "object_repr": "Test Request #2 – pending", "action_flag": 3, "change_message": ""}}, {"model": "admin.logentry", "pk": 106, "fields": {"action_time": "2025-04-14T19:05:30.096Z", "user": 24, "content_type": 7, "object_id": "187", "object_repr": "Test Request #2 – in_progress", "action_flag": 3, "change_message": ""}}, {"model": "admin.logentry", "pk": 107, "fields": {"action_time": "2025-04-14T19:05:30.096Z", "user": 24, "content_type": 7, "object_id": "186", "object_repr": "Test Request #2 – rejected", "action_flag": 3, "change_message": ""}}, {"model": "admin.logentry", "pk": 108, "fields": {"action_time": "2025-04-14T19:05:30.096Z", "user": 24, "content_type": 7, "object_id": "185", "object_repr": "Test Request #1 – pending", "action_flag": 3, "change_message": ""}}, {"model": "admin.logentry", "pk": 109, "fields": {"action_time": "2025-04-14T19:05:30.096Z", "user": 24, "content_type": 7, "object_id": "184", "object_repr": "Test Request #1 – in_progress", "action_flag": 3, "change_message": ""}}, {"model": "admin.logentry", "pk": 110, "fields": {"action_time": "2025-04-14T19:05:30.096Z", "user": 24, "content_type": 7, "object_id": "183", "object_repr": "Test Request #1 – done", "action_flag": 3, "change_message": ""}}, {"model": "admin.logentry", "pk": 111, "fields": {"action_time": "2025-04-14T19:05:30.096Z", "user": 24, "content_type": 7, "object_id": "182", "object_repr": "Test Request #1 – rejected", "action_flag": 3, "change_message": ""}}, {"model": "admin.logentry", "pk": 112, "fields": {"action_time": "2025-04-15T10:37:08.082Z", "user": 24, "content_type": 6, "object_id": "24", "object_repr": "maryna (волонтер)", "action_flag": 2, "change_message": "[]"}}, {"model": "admin.logentry", "pk": 113, "fields": {"action_time": "2025-04-15T10:54:50.161Z", "user": 24, "content_type": 9, "object_id": "92", "object_repr": "gjeir", "action_flag": 3, "change_message": ""}}, {"model": "admin.logentry", "pk": 114, "fields": {"action_time": "2025-04-15T10:55:11.060Z", "user": 24, "content_type": 9, "object_id": "91", "object_repr": "1", "action_flag": 3, "change_message": ""}}, {"model": "admin.logentry", "pk": 115, "fields": {"action_time": "2025-04-16T07:21:52.308Z", "user": 24, "content_type": 6, "object_id": "24", "object_repr": "maryna (волонтер)", "action_flag": 2, "change_message": "[]"}}, {"model": "auth.permission", "pk": 1, "fields": {"name": "Can add log entry", "content_type": 1, "codename": "add_logentry"}}, {"model": "auth.permission", "pk": 2, "fields": {"name": "Can change log entry", "content_type": 1, "codename": "change_logentry"}}, {"model": "auth.permission", "pk": 3, "fields": {"name": "Can delete log entry", "content_type": 1, "codename": "delete_logentry"}}, {"model": "auth.permission", "pk": 4, "fields": {"name": "Can view log entry", "content_type": 1, "codename": "view_logentry"}}, {"model": "auth.permission", "pk": 5, "fields": {"name": "Can add permission", "content_type": 2, "codename": "add_permission"}}, {"model": "auth.permission", "pk": 6, "fields": {"name": "Can change permission", "content_type": 2, "codename": "change_permission"}}, {"model": "auth.permission", "pk": 7, "fields": {"name": "Can delete permission", "content_type": 2, "codename": "delete_permission"}}, {"model": "auth.permission", "pk": 8, "fields": {"name": "Can view permission", "content_type": 2, "codename": "view_permission"}}, {"model": "auth.permission", "pk": 9, "fields": {"name": "Can add group", "content_type": 3, "codename": "add_group"}}, {"model": "auth.permission", "pk": 10, "fields": {"name": "Can change group", "content_type": 3, "codename": "change_group"}}, {"model": "auth.permission", "pk": 11, "fields": {"name": "Can delete group", "content_type": 3, "codename": "delete_group"}}, {"model": "auth.permission", "pk": 12, "fields": {"name": "Can view group", "content_type": 3, "codename": "view_group"}}, {"model": "auth.permission", "pk": 13, "fields": {"name": "Can add content type", "content_type": 4, "codename": "add_contenttype"}}, {"model": "auth.permission", "pk": 14, "fields": {"name": "Can change content type", "content_type": 4, "codename": "change_contenttype"}}, {"model": "auth.permission", "pk": 15, "fields": {"name": "Can delete content type", "content_type": 4, "codename": "delete_contenttype"}}, {"model": "auth.permission", "pk": 16, "fields": {"name": "Can view content type", "content_type": 4, "codename": "view_contenttype"}}, {"model": "auth.permission", "pk": 17, "fields": {"name": "Can add session", "content_type": 5, "codename": "add_session"}}, {"model": "auth.permission", "pk": 18, "fields": {"name": "Can change session", "content_type": 5, "codename": "change_session"}}, {"model": "auth.permission", "pk": 19, "fields": {"name": "Can delete session", "content_type": 5, "codename": "delete_session"}}, {"model": "auth.permission", "pk": 20, "fields": {"name": "Can view session", "content_type": 5, "codename": "view_session"}}, {"model": "auth.permission", "pk": 21, "fields": {"name": "Can add user", "content_type": 6, "codename": "add_user"}}, {"model": "auth.permission", "pk": 22, "fields": {"name": "Can change user", "content_type": 6, "codename": "change_user"}}, {"model": "auth.permission", "pk": 23, "fields": {"name": "Can delete user", "content_type": 6, "codename": "delete_user"}}, {"model": "auth.permission", "pk": 24, "fields": {"name": "Can view user", "content_type": 6, "codename": "view_user"}}, {"model": "auth.permission", "pk": 25, "fields": {"name": "Can add request history", "content_type": 7, "codename": "add_requesthistory"}}, {"model": "auth.permission", "pk": 26, "fields": {"name": "Can change request history", "content_type": 7, "codename": "change_requesthistory"}}, {"model": "auth.permission", "pk": 27, "fields": {"name": "Can delete request history", "content_type": 7, "codename": "delete_requesthistory"}}, {"model": "auth.permission", "pk": 28, "fields": {"name": "Can view request history", "content_type": 7, "codename": "view_requesthistory"}}, {"model": "auth.permission", "pk": 29, "fields": {"name": "Can add review", "content_type": 8, "codename": "add_review"}}, {"model": "auth.permission", "pk": 30, "fields": {"name": "Can change review", "content_type": 8, "codename": "change_review"}}, {"model": "auth.permission", "pk": 31, "fields": {"name": "Can delete review", "content_type": 8, "codename": "delete_review"}}, {"model": "auth.permission", "pk": 32, "fields": {"name": "Can view review", "content_type": 8, "codename": "view_review"}}, {"model": "auth.permission", "pk": 33, "fields": {"name": "Can add request", "content_type": 9, "codename": "add_request"}}, {"model": "auth.permission", "pk": 34, "fields": {"name": "Can change request", "content_type": 9, "codename": "change_request"}}, {"model": "auth.permission", "pk": 35, "fields": {"name": "Can delete request", "content_type": 9, "codename": "delete_request"}}, {"model": "auth.permission", "pk": 36, "fields": {"name": "Can view request", "content_type": 9, "codename": "view_request"}}, {"model": "auth.permission", "pk": 37, "fields": {"name": "Can add request photo", "content_type": 10, "codename": "add_requestphoto"}}, {"model": "auth.permission", "pk": 38, "fields": {"name": "Can change request photo", "content_type": 10, "codename": "change_requestphoto"}}, {"model": "auth.permission", "pk": 39, "fields": {"name": "Can delete request photo", "content_type": 10, "codename": "delete_requestphoto"}}, {"model": "auth.permission", "pk": 40, "fields": {"name": "Can view request photo", "content_type": 10, "codename": "view_requestphoto"}}, {"model": "sessions.session", "pk": "2rregrx5mokvgzvqopw7g88h32cxswwl", "fields": {"session_data": ".eJxVjDsOwyAQBe9CHSE-Xi-kTO8zIGAhOIlAMnYV5e6xJRdJOzPvvZnz21rc1tPiZmJXpiy7_MLg4zPVw9DD13vjsdV1mQM_En7azqdG6XU727-D4nvZ1zYrOUQtQCdEUEoYZcIIMuNI4EMQO83REwijFUWkQRMCJitskBaAfb7knDco:1u4xH9:-TVAtm-podUO3NXUG8Jg6jFVIPGxKiGqJRZ-603DWHQ", "expire_date": "2025-04-30T07:33:39.647Z"}}, {"model": "sessions.session", "pk": "dvod9mo580tjgle7ayghhqm6or2ljo4m", "fields": {"session_data": ".eJxVjMEOwiAQRP-FsyGFrbB49O43kIXdStXQpLQn47_bJj3oHOe9mbeKtC4lrk3mOLK6KIvq9Fsmyk-pO-EH1fuk81SXeUx6V_RBm75NLK_r4f4dFGplWzuE3oUMYsmiIeoRmYGt6TB5ExitS4ACQ_AJg5UtQTKy-DNwx4P6fAH6eThd:1u4xAz:f03hys5D3EJoiyNAORrklK2cM0SJzDsMZrwO50eSJos", "expire_date": "2025-04-30T07:27:17.761Z"}}, {"model": "sessions.session", "pk": "eljb4mqcthw9v7d4lkty9jgyuiykjvcx", "fields": {"session_data": ".eJxVjbFuwzAMRP9Fc2OYkklJGbP3GwRSVOq0hRVIDjoE-ffYQIZ0vXf37m4S39Y53Xpp6aLmaCCYj_dQOP-UZSf6zctXHXJd1naRYa8ML9qHz6rl9_Tq_hPM3Odt7QMwYMkBAcbIo48FSBhoOmuZIrInHxBzFAQbHFkQorMVxCCslnfplXv_q01TK72saa3b26bOlZvzhyxRRQNaoAxO7MRToO3O6WiR1JnHExEpS6Q:1u4dki:dl7WcITNBBfFyjlGkFoB7tPsBmQxxEEPmAe77MdXuFE", "expire_date": "2025-04-29T10:42:52.034Z"}}, {"model": "sessions.session", "pk": "rk5jnwp620lont8evmsd1t0nuuu3pi9g", "fields": {"session_data": ".eJxVjEEOwiAQRe_C2hCwU5i6dN8zNAMzSNVAUtqV8e7apAvd_vfef6mJtjVPW5NlmlldFKjT7xYoPqTsgO9UblXHWtZlDnpX9EGbHivL83q4fweZWv7WyQKhTWAsumQG7wZLnAi9BEOGQNBhLxExmg4kOBFLqWc-Q8fRO6_eH-WqOD4:1tzi0d:NLUCpFizwfRZXasUslUeg74f1T74E_w6sdwXRIOdQKA", "expire_date": "2025-04-15T20:14:55.393Z"}}, {"model": "accounts.user", "pk": 12, "fields": {"password": "pbkdf2_sha256$870000$qzMeL4UOS3v6Uih12p8sPP$9blTjV5K4/wKQKNkEzCMhlp91duRvgOLLwUeOBa4aNk=", "last_login": "2025-04-07T17:36:18.407Z", "is_superuser": false, "username": "mil1", "first_name": "", "last_name": "", "email": "nvkmfgnk@dgfjgn.bfgrdfs", "is_staff": false, "is_active": true, "date_joined": "2025-04-07T17:36:17.985Z", "role": "військовий", "name": "", "surname": "", "photo": "", "description": "", "groups": [], "user_permissions": []}}, {"model": "accounts.user", "pk": 13, "fields": {"password": "pbkdf2_sha256$870000$P65rWrvDeaWwlFFOeh02de$0rpSzf0EIa8cb/4ed2CzAmsdaCtlRm8vAemAgTej5jI=", "last_login": "2025-04-07T17:40:11.837Z", "is_superuser": false, "username": "vol1", "first_name": "", "last_name": "", "email": "mar@dpa.sav", "is_staff": false, "is_active": true, "date_joined": "2025-04-07T17:40:11.466Z", "role": "волонтер", "name": "", "surname": "", "photo": "", "description": "", "groups": [], "user_permissions": []}}, {"model": "accounts.user", "pk": 14, "fields": {"password": "pbkdf2_sha256$870000$vK4mwGmfkpOCq8x1cF8NpA$VuKg7TPok4fj0HOZZ2wA4ZjmAI9rwKzvqSp/PyTiq/s=", "last_login": "2025-04-07T17:41:54.798Z", "is_superuser": false, "username": "vol2", "first_name": "", "last_name": "", "email": "mardvuv@dpa.sa", "is_staff": false, "is_active": true, "date_joined": "2025-04-07T17:41:54.381Z", "role": "волонтер", "name": "", "surname": "", "photo": "", "description": "", "groups": [], "user_permissions": []}}, {"model": "accounts.user", "pk": 21, "fields": {"password": "pbkdf2_sha256$870000$e5wHAxaT8vTuew51YBuCBz$HuNuxoyVSjVrOArCsgPjhByXn6rbJIZ9YTZjc22zias=", "last_login": "2025-04-08T05:01:56.106Z", "is_superuser": false, "username": "mil2", "first_name": "", "last_name": "", "email": "qwerty@qwerty.qwerty", "is_staff": false, "is_active": true, "date_joined": "2025-04-08T05:01:55.734Z", "role": "військовий", "name": "", "surname": "", "photo": "", "description": "", "groups": [], "user_permissions": []}}, {"model": "accounts.user", "pk": 22, "fields": {"password": "pbkdf2_sha256$870000$tNV38mpaLT5vlQj0vcRlL1$1074eNEFbIHzOLyQHWKufLOb2DeM6imM6CDZT4F4LwU=", "last_login": "2025-04-08T05:12:52.686Z", "is_superuser": false, "username": "mil3", "first_name": "", "last_name": "", "email": "wqjsoqw@d.dwq", "is_staff": false, "is_active": true, "date_joined": "2025-04-08T05:11:45.250Z", "role": "військовий", "name": "", "surname": "", "photo": "", "description": "", "groups": [], "user_permissions": []}}, {"model": "accounts.user", "pk": 24, "fields": {"password": "pbkdf2_sha256$1000000$haspQ1j65gw5T7PC4HfbMA$RjJxNDwd0gbPmcnCFshwezJhanuYUOYkkIeNYuwWzn0=", "last_login": "2025-04-16T06:19:52Z", "is_superuser": true, "username": "maryna", "first_name": "Maryna", "last_name": "Ohinska", "email": "maryna.ohinska@gmail.com", "is_staff": true, "is_active": true, "date_joined": "2025-04-08T15:25:47Z", "role": "волонтер", "name": "1", "surname": "1", "photo": "", "description": "", "groups": [], "user_permissions": []}}, {"model": "accounts.user", "pk": 25, "fields": {"password": "pbkdf2_sha256$1000000$EtF9yMGgncd1e0YSg2D0cI$Gtq5zbVpArabmH4mev7iIxPlWxzZeNMg/ofFLJF0Kpk=", "last_login": "2025-04-16T06:07:04.666Z", "is_superuser": false, "username": "mil4", "first_name": "petro", "last_name": "re", "email": "mil4@qwerty.com", "is_staff": false, "is_active": true, "date_joined": "2025-04-09T14:45:52.428Z", "role": "військовий", "name": "", "surname": "", "photo": "user_photos/Tezza-0193.jpeg", "description": "fdsvsd", "groups": [], "user_permissions": []}}, {"model": "accounts.user", "pk": 26, "fields": {"password": "pbkdf2_sha256$1000000$IMMXBcYUaNhiWb1fEnpDG4$y360WpVGuWyFEEybrFb1GBZqEXgTs65jCi+hTZyXJZQ=", "last_login": "2025-04-14T13:02:42.023Z", "is_superuser": false, "username": "mil10", "first_name": "", "last_name": "", "email": "fnj@vdkfn.csa", "is_staff": false, "is_active": true, "date_joined": "2025-04-14T13:02:41.563Z", "role": "військовий", "name": "", "surname": "", "photo": "", "description": "", "groups": [], "user_permissions": []}}, {"model": "accounts.user", "pk": 27, "fields": {"password": "pbkdf2_sha256$1000000$GxNHpnT1gJRRbNAIlglYvb$EB3q0ISs7D1o6WKq2sSX85nH2VIIOUHxyI2ZQoT5Q0c=", "last_login": "2025-04-16T06:01:09.219Z", "is_superuser": false, "username": "test", "first_name": "", "last_name": "", "email": "qwerty@qwerty.qwert", "is_staff": false, "is_active": true, "date_joined": "2025-04-16T06:01:08.793Z", "role": "волонтер", "name": "", "surname": "", "photo": "", "description": "", "groups": [], "user_permissions": []}}, {"model": "accounts.user", "pk": 28, "fields": {"password": "pbkdf2_sha256$1000000$8iOphuCvjiJeMOyEiYzWn5$PVAJNHiw9VQvV01oHh5G99qI/MSg+U81FXkZcng6RmE=", "last_login": "2025-04-16T07:27:17.741Z", "is_superuser": false, "username": "maryna1", "first_name": "", "last_name": "", "email": "maryna.ohinska@gmail.co", "is_staff": false, "is_active": true, "date_joined": "2025-04-16T07:27:17.285Z", "role": "волонтер", "name": "", "surname": "", "photo": "", "description": "", "groups": [], "user_permissions": []}}, {"model": "accounts.user", "pk": 29, "fields": {"password": "pbkdf2_sha256$1000000$YMrPOyJvUV2r9UmC3VswgK$HA7U1tJ4UJAjPdWBqO486Z0oyfN7L8xaqAGIqFDGWEE=", "last_login": "2025-04-16T07:33:39.627Z", "is_superuser": false, "username": "maryna2", "first_name": "", "last_name": "", "email": "12@dwub.cs", "is_staff": false, "is_active": true, "date_joined": "2025-04-16T07:33:39.206Z", "role": "волонтер", "name": "", "surname": "", "photo": "user_photos/blank.png", "description": "", "groups": [], "user_permissions": []}}, {"model": "requests.request", "pk": 61, "fields": {"owner": 21, "executor": "", "name": "Test Request #1", "description": "Автоматично згенерований тестовий запит", "type": "repair", "priority": "medium", "location": "far_rear", "status": "pending", "created_at": "2025-04-08T15:51:58.847Z"}}, {"model": "requests.request", "pk": 62, "fields": {"owner": 22, "executor": 14, "name": "Test Request #2", "description": "Автоматично згенерований тестовий запит", "type": "transport", "priority": "high", "location": "near_rear", "status": "pending", "created_at": "2025-04-08T15:51:58.849Z"}}, {"model": "requests.request", "pk": 63, "fields": {"owner": 12, "executor": 14, "name": "Test Request #3", "description": "Автоматично згенерований тестовий запит", "type": "transport", "priority": "low", "location": "far_rear", "status": "done", "created_at": "2025-04-08T15:51:58.850Z"}}, {"model": "requests.request", "pk": 64, "fields": {"owner": 21, "executor": 13, "name": "Test Request #4", "description": "Автоматично згенерований тестовий запит", "type": "ammo", "priority": "medium", "location": "far_rear", "status": "pending", "created_at": "2025-04-08T15:51:58.851Z"}}, {"model": "requests.request", "pk": 65, "fields": {"owner": 22, "executor": 13, "name": "Test Request #5", "description": "Автоматично згенерований тестовий запит", "type": "repair", "priority": "medium", "location": "front", "status": "pending", "created_at": "2025-04-08T15:51:58.851Z"}}, {"model": "requests.request", "pk": 66, "fields": {"owner": 12, "executor": 14, "name": "Test Request #6", "description": "Автоматично згенерований тестовий запит", "type": "repair", "priority": "low", "location": "front", "status": "rejected", "created_at": "2025-04-08T15:51:58.852Z"}}, {"model": "requests.request", "pk": 67, "fields": {"owner": 22, "executor": null, "name": "Test Request #7", "description": "Автоматично згенерований тестовий запит", "type": "repair", "priority": "medium", "location": "near_rear", "status": "done", "created_at": "2025-04-08T15:51:58.853Z"}}, {"model": "requests.request", "pk": 68, "fields": {"owner": 22, "executor": 13, "name": "Test Request #8", "description": "Автоматично згенерований тестовий запит", "type": "ammo", "priority": "high", "location": "near_rear", "status": "pending", "created_at": "2025-04-08T15:51:58.853Z"}}, {"model": "requests.request", "pk": 69, "fields": {"owner": 21, "executor": 14, "name": "Test Request #9", "description": "Автоматично згенерований тестовий запит", "type": "transport", "priority": "medium", "location": "front", "status": "in_progress", "created_at": "2025-04-08T15:51:58.855Z"}}, {"model": "requests.request", "pk": 70, "fields": {"owner": 22, "executor": 24, "name": "Test Request #10", "description": "Автоматично згенерований тестовий запит", "type": "drones", "priority": "low", "location": "near_rear", "status": "in_progress", "created_at": "2025-04-08T15:51:58.856Z"}}, {"model": "requests.request", "pk": 71, "fields": {"owner": 22, "executor": 14, "name": "Test Request #11", "description": "Автоматично згенерований тестовий запит", "type": "repair", "priority": "high", "location": "far_rear", "status": "pending", "created_at": "2025-04-08T15:51:58.857Z"}}, {"model": "requests.request", "pk": 72, "fields": {"owner": 22, "executor": 13, "name": "Test Request #12", "description": "Автоматично згенерований тестовий запит", "type": "ammo", "priority": "low", "location": "near_rear", "status": "done", "created_at": "2025-04-08T15:51:58.857Z"}}, {"model": "requests.request", "pk": 73, "fields": {"owner": 22, "executor": 14, "name": "Test Request #13", "description": "Автоматично згенерований тестовий запит", "type": "transport", "priority": "medium", "location": "near_rear", "status": "pending", "created_at": "2025-04-08T15:51:58.858Z"}}, {"model": "requests.request", "pk": 74, "fields": {"owner": 21, "executor": 14, "name": "Test Request #14", "description": "Автоматично згенерований тестовий запит", "type": "drones", "priority": "high", "location": "near_rear", "status": "done", "created_at": "2025-04-08T15:51:58.859Z"}}, {"model": "requests.request", "pk": 75, "fields": {"owner": 21, "executor": 14, "name": "Test Request #15", "description": "Автоматично згенерований тестовий запит", "type": "transport", "priority": "low", "location": "near_rear", "status": "in_progress", "created_at": "2025-04-08T15:51:58.860Z"}}, {"model": "requests.request", "pk": 76, "fields": {"owner": 12, "executor": 13, "name": "Test Request #16", "description": "Автоматично згенерований тестовий запит", "type": "drones", "priority": "high", "location": "far_rear", "status": "in_progress", "created_at": "2025-04-08T15:51:58.860Z"}}, {"model": "requests.request", "pk": 77, "fields": {"owner": 21, "executor": 14, "name": "Test Request #17", "description": "Автоматично згенерований тестовий запит", "type": "drones", "priority": "medium", "location": "front", "status": "done", "created_at": "2025-04-08T15:51:58.861Z"}}, {"model": "requests.request", "pk": 78, "fields": {"owner": 12, "executor": null, "name": "Test Request #18", "description": "Автоматично згенерований тестовий запит", "type": "repair", "priority": "medium", "location": "far_rear", "status": "in_progress", "created_at": "2025-04-08T15:51:58.862Z"}}, {"model": "requests.request", "pk": 79, "fields": {"owner": 22, "executor": 13, "name": "Test Request #19", "description": "Автоматично згенерований тестовий запит", "type": "ammo", "priority": "low", "location": "far_rear", "status": "in_progress", "created_at": "2025-04-08T15:51:58.863Z"}}, {"model": "requests.request", "pk": 80, "fields": {"owner": 24, "executor": 14, "name": "турнікети", "description": "Автоматично згенерований тестовий запит", "type": "ammo", "priority": "low", "location": "far_rear", "status": "in_progress", "created_at": "2025-04-08T15:51:58.864Z"}}, {"model": "requests.request", "pk": 81, "fields": {"owner": 21, "executor": null, "name": "тест 1. збір на турнікети", "description": "3000 на турнікети", "type": "medicine", "priority": "high", "location": "near_rear", "status": "need_volunteer", "created_at": "2025-04-09T14:39:14.258Z"}}, {"model": "requests.request", "pk": 82, "fields": {"owner": 21, "executor": null, "name": "тест 1. збір на турнікети", "description": "тест", "type": "medicine", "priority": "high", "location": "near_rear", "status": "need_volunteer", "created_at": "2025-04-09T14:39:35.282Z"}}, {"model": "requests.request", "pk": 83, "fields": {"owner": 21, "executor": null, "name": "тест 1. збір на турнікети", "description": "тест", "type": "medicine", "priority": "high", "location": "near_rear", "status": "need_volunteer", "created_at": "2025-04-09T14:44:17.198Z"}}, {"model": "requests.request", "pk": 84, "fields": {"owner": 21, "executor": null, "name": "тест 1. збір на турнікети", "description": "\\\\", "type": "medicine", "priority": "high", "location": "front", "status": "need_volunteer", "created_at": "2025-04-09T14:44:32.448Z"}}, {"model": "requests.request", "pk": 85, "fields": {"owner": 25, "executor": null, "name": "тест 2. збір на турнікети", "description": "test", "type": "medicine", "priority": "high", "location": "front", "status": "need_volunteer", "created_at": "2025-04-09T14:46:11.468Z"}}, {"model": "requests.request", "pk": 86, "fields": {"owner": 25, "executor": null, "name": "аурркгуг", "description": "магаигиаиг", "type": "ammo", "priority": "high", "location": "near_rear", "status": "need_volunteer", "created_at": "2025-04-09T15:06:50.082Z"}}, {"model": "requests.request", "pk": 87, "fields": {"owner": 25, "executor": 24, "name": "bdfdfiub", "description": "bgojbnfdguib", "type": "ammo", "priority": "medium", "location": "front", "status": "pending", "created_at": "2025-04-09T16:28:16.938Z"}}, {"model": "requests.request", "pk": 88, "fields": {"owner": 25, "executor": null, "name": "gugfui", "description": "fgjunbdfgnihbfd", "type": "ammo", "priority": "high", "location": "near_rear", "status": "need_volunteer", "created_at": "2025-04-09T16:29:13.471Z"}}, {"model": "requests.request", "pk": 89, "fields": {"owner": 25, "executor": 24, "name": "executor test", "description": "bgdf", "type": "medicine", "priority": "high", "location": "front", "status": "done", "created_at": "2025-04-11T12:50:36.524Z"}}, {"model": "requests.request", "pk": 90, "fields": {"owner": 25, "executor": 14, "name": "test3", "description": "fpvкмгу мусцгш \r\n\r\nмуім\r\nіум\r\nум", "type": "medicine", "priority": "high", "location": "front", "status": "in_progress", "created_at": "2025-04-11T12:51:03.689Z"}}, {"model": "requests.request", "pk": 93, "fields": {"owner": 24, "executor": 14, "name": "hruberu", "description": "vbjndf", "type": "medicine", "priority": "low", "location": "front", "status": "pending", "created_at": "2025-04-12T09:00:10.572Z"}}, {"model": "requests.request", "pk": 94, "fields": {"owner": 24, "executor": null, "name": "test", "description": "test", "type": "medicine", "priority": "high", "location": "front", "status": "pending", "created_at": "2025-04-12T10:01:36.683Z"}}, {"model": "requests.request", "pk": 95, "fields": {"owner": 24, "executor": null, "name": "тест 1. збір на турнікети", "description": "vdvs", "type": "medicine", "priority": "high", "location": "near_rear", "status": "pending", "created_at": "2025-04-14T07:57:34.693Z"}}, {"model": "requests.request", "pk": 96, "fields": {"owner": 24, "executor": 25, "name": "pending request", "description": "1", "type": "medicine", "priority": "medium", "location": "front", "status": "done", "created_at": "2025-04-14T11:46:29.230Z"}}, {"model": "requests.request", "pk": 97, "fields": {"owner": 24, "executor": 12, "name": "in progress request", "description": "2", "type": "ammo", "priority": "high", "location": "near_rear", "status": "in_progress", "created_at": "2025-04-14T11:46:44.593Z"}}, {"model": "requests.request", "pk": 98, "fields": {"owner": 24, "executor": 14, "name": "done request", "description": "3", "type": "ammo", "priority": "high", "location": "near_rear", "status": "done", "created_at": "2025-04-14T11:46:55.692Z"}}, {"model": "requests.request", "pk": 99, "fields": {"owner": 26, "executor": 24, "name": "test 1. find exec", "description": "biveuoroureuo", "type": "ammo", "priority": "high", "location": "front", "status": "in_progress", "created_at": "2025-04-14T13:03:10.285Z"}}, {"model": "requests.request", "pk": 100, "fields": {"owner": 24, "executor": 25, "name": "тест фінальний", "description": "турнікет", "type": "medicine", "priority": "high", "location": "front", "status": "done", "created_at": "2025-04-14T19:12:34.495Z"}}, {"model": "requests.requesthistory", "pk": 247, "fields": {"request": 100, "status": "in_progress", "comment": "mil4 підтвердив запит", "date": "2025-04-14T19:13:25.948Z"}}, {"model": "requests.requesthistory", "pk": 248, "fields": {"request": 100, "status": "in_progress", "comment": "Вітаю! Хочу надати проміжний звіт щодо виконання запиту на 10 турнікетів.\r\n\r\nНа даний момент:\r\n• Я придбала 5 турнікетів, які вже доставлено до складу.\r\n• Ще 3 турнікетів наразі перебувають на етапі замовлення, очікую їх доставку протягом наступних 3 днів.", "date": "2025-04-14T19:15:42.228Z"}}, {"model": "requests.requesthistory", "pk": 249, "fields": {"request": 96, "status": "in_progress", "comment": "mil4 підтвердив запит", "date": "2025-04-14T19:24:50.318Z"}}, {"model": "requests.requesthistory", "pk": 250, "fields": {"request": 96, "status": "in_progress", "comment": "Вітаю! Хочу надати проміжний звіт щодо виконання запиту на 10 турнікетів.\r\n\r\nНа даний момент:\r\n• Я придбала 5 турнікетів, які вже доставлено до складу.\r\n• Ще 3 турнікетів наразі перебувають на етапі замовлення, очікую їх доставку протягом наступних 3 днів.", "date": "2025-04-14T19:24:52.951Z"}}, {"model": "requests.requestphoto", "pk": 2, "fields": {"history": 248, "image": "request_photos/IMG_8212.jpeg", "uploaded_at": "2025-04-14T19:15:42.238Z"}}]